url,input,error
https://www.tiktok.com/@sanctuaryworld,sanctuaryworld,This profile/hashtag does not exist.
https://www.tiktok.com/@nebula_astrology,nebula_astrology,This profile/hashtag does not exist.
,costarastrology,
,costarastrology,
,costarastrology,
,costarastrology,
,costarastrology,
,costarastrology,
,costarastrology,
,costarastrology,
,costarastrology,
,costarastrology,
,costarastrology,
,costarastrology,
,costarastrology,
,costarastrology,
,costarastrology,
,costarastrology,
,costarastrology,
,costarastrology,
,costarastrology,
,costarastrology,
,costarastrology,
,costarastrology,
,costarastrology,
,costarastrology,
,costarastrology,
,costarastrology,
,costarastrology,
,costarastrology,
,costarastrology,
,costarastrology,
,thepattern,
,thepattern,
,thepattern,
,thepattern,
,thepattern,
,thepattern,
,thepattern,
,thepattern,
,thepattern,
,thepattern,
,thepattern,
,thepattern,
,thepattern,
,thepattern,
,thepattern,
,thepattern,
,thepattern,
,thepattern,
,thepattern,
,thepattern,
,thepattern,
,thepattern,
,thepattern,
,thepattern,
,thepattern,
,thepattern,
,thepattern,
,thepattern,
,thepattern,
,thepattern,